{
  "totalMatches": 3838,
  "hunterWins": 2094,
  "bountyWins": 1744,
  "hunterWinRate": 0.5455966649296509,
  "avgHunterTime": 527.5116343490305,
  "avgBountyTime": 577.5154667396661,
  "fastestHunterTime": 90,
  "fastestBountyTime": 90
}